firstName,lastName,birthdate
Shannon,Edelheid,3/16/2010
Chandler,Learmond,3/25/2018
Annecorinne,Feacham,3/24/1991
Donni,Kinglesyd,4/19/1987
Colette,Boyfield,8/5/2016
Paten,Crumpton,1/1/2021
Blanca,Scrace,5/3/2010
Drusy,Lavers,11/15/2012
Lamond,Moyles,11/11/1980
Wilie,Gages,6/8/2021
Farah,Suddick,10/7/2006
Wye,Bartholomew,8/26/2011
Loni,Watting,2/22/1987
Craig,Bartosch,7/30/2002
Saunderson,Darker,6/19/2011
Bernadene,Ellicock,12/29/2018
Querida,Toyne,1/21/2020
Tonia,MacConnechie,1/26/2013
Wilhelmine,Allison,2/1/2015
Hart,McMenemy,7/17/2016
Elianora,Caskie,4/5/2014
Rhianna,Honacker,8/31/1989
Antone,Du Plantier,12/14/1985
Karlen,Barkess,11/13/2016
Rodie,Becconsall,2/1/1984
Hailee,Havis,2/12/1998
Aurore,Hindenburg,1/6/2010
Meagan,Harfleet,4/7/2008
Josefa,Dairton,3/30/2000
Hilliary,Curgenuer,2/18/1988
Louisa,Higbin,1/9/2010
Corey,Lidgely,8/15/1996
Zaria,Beddingham,2/7/2021
Sophey,Darrigrand,1/14/2006
Parnell,Florey,11/10/2003
Dosi,Benoix,8/29/1984
Sky,MacKnocker,2/23/2023
Hillyer,Ellington,11/14/2009
Angie,Schroder,9/4/2005
Cathie,Avis,2/2/1991
Leone,Leckey,1/16/2011
Corenda,Bowyer,12/12/1997
Adolpho,Woolward,3/29/1996
Janine,McCorry,4/4/2015
Shel,Korbmaker,4/9/2020
Wes,Truse,7/26/1995
Shayla,Habbeshaw,5/19/2001
Emogene,Twallin,10/28/2016
Ynes,Maggiore,7/20/2020
Beatrice,McMichael,3/1/2008
